Zeitraum,Menge HT (kWh),Menge NT (kWh),Menge Total (kWh),Maximale Leistung (kW)
28.12.2022 00:00 - 00:15,0,0.3109999895095825,0.3109999895095825,1.24399995803833
28.12.2022 00:15 - 00:30,0,0.29600000381469727,0.29600000381469727,1.184000015258789
28.12.2022 00:30 - 00:45,0,0.2879999876022339,0.2879999876022339,1.1519999504089355
28.12.2022 00:45 - 01:00,0,0.2849999964237213,0.2849999964237213,1.1399999856948853
28.12.2022 01:00 - 01:15,0,0.2590000033378601,0.2590000033378601,1.0360000133514404
28.12.2022 01:15 - 01:30,0,0.2669999897480011,0.2669999897480011,1.0679999589920044
28.12.2022 01:30 - 01:45,0,0.24500000476837158,0.24500000476837158,0.9800000190734863
28.12.2022 01:45 - 02:00,0,0.5260000228881836,0.5260000228881836,2.1040000915527344
28.12.2022 02:00 - 02:15,0,0.21199999749660492,0.21199999749660492,0.8479999899864197
28.12.2022 02:15 - 02:30,0,0.10499999672174454,0.10499999672174454,0.41999998688697815
28.12.2022 02:30 - 02:45,0,0.06400000303983688,0.06400000303983688,0.25600001215934753
28.12.2022 02:45 - 03:00,0,0.03500000014901161,0.03500000014901161,0.14000000059604645
28.12.2022 03:00 - 03:15,0,0.032999999821186066,0.032999999821186066,0.13199999928474426
28.12.2022 03:15 - 03:30,0,0.04100000113248825,0.04100000113248825,0.164000004529953
28.12.2022 03:30 - 03:45,0,0.06599999964237213,0.06599999964237213,0.2639999985694885
28.12.2022 03:45 - 04:00,0,0.06199999898672104,0.06199999898672104,0.24799999594688416
28.12.2022 04:00 - 04:15,0,0.03400000184774399,0.03400000184774399,0.13600000739097595
28.12.2022 04:15 - 04:30,0,0.03200000151991844,0.03200000151991844,0.12800000607967377
28.12.2022 04:30 - 04:45,0,0.03200000151991844,0.03200000151991844,0.12800000607967377
28.12.2022 04:45 - 05:00,0,0.07100000232458115,0.07100000232458115,0.2840000092983246
28.12.2022 05:00 - 05:15,0,0.057999998331069946,0.057999998331069946,0.23199999332427979
28.12.2022 05:15 - 05:30,0,0.03700000047683716,0.03700000047683716,0.14800000190734863
28.12.2022 05:30 - 05:45,0,0.03200000151991844,0.03200000151991844,0.12800000607967377
28.12.2022 05:45 - 06:00,0,0.03700000047683716,0.03700000047683716,0.14800000190734863
28.12.2022 06:00 - 06:15,0,0.05999999865889549,0.05999999865889549,0.23999999463558197
28.12.2022 06:15 - 06:30,0,0.05299999937415123,0.05299999937415123,0.21199999749660492
28.12.2022 06:30 - 06:45,0,0.03999999910593033,0.03999999910593033,0.1599999964237213
28.12.2022 06:45 - 07:00,0,0.03099999949336052,0.03099999949336052,0.12399999797344208
28.12.2022 07:00 - 07:15,0.04100000113248825,0,0.04100000113248825,0.164000004529953
28.12.2022 07:15 - 07:30,0.052000001072883606,0,0.052000001072883606,0.20800000429153442
28.12.2022 07:30 - 07:45,0.052000001072883606,0,0.052000001072883606,0.20800000429153442
28.12.2022 07:45 - 08:00,0.04600000008940697,0,0.04600000008940697,0.18400000035762787
28.12.2022 08:00 - 08:15,0.03200000151991844,0,0.03200000151991844,0.12800000607967377
28.12.2022 08:15 - 08:30,0.04500000178813934,0,0.04500000178813934,0.18000000715255737
28.12.2022 08:30 - 08:45,0.04100000113248825,0,0.04100000113248825,0.164000004529953
28.12.2022 08:45 - 09:00,0.05299999937415123,0,0.05299999937415123,0.21199999749660492
28.12.2022 09:00 - 09:15,0.04899999871850014,0,0.04899999871850014,0.19599999487400055
28.12.2022 09:15 - 09:30,0.039000000804662704,0,0.039000000804662704,0.15600000321865082
28.12.2022 09:30 - 09:45,0.04500000178813934,0,0.04500000178813934,0.18000000715255737
28.12.2022 09:45 - 10:00,0.03200000151991844,0,0.03200000151991844,0.12800000607967377
28.12.2022 10:00 - 10:15,0.05000000074505806,0,0.05000000074505806,0.20000000298023224
28.12.2022 10:15 - 10:30,0.05000000074505806,0,0.05000000074505806,0.20000000298023224
28.12.2022 10:30 - 10:45,0.05000000074505806,0,0.05000000074505806,0.20000000298023224
28.12.2022 10:45 - 11:00,0.03999999910593033,0,0.03999999910593033,0.1599999964237213
28.12.2022 11:00 - 11:15,0.04500000178813934,0,0.04500000178813934,0.18000000715255737
28.12.2022 11:15 - 11:30,0.05900000035762787,0,0.05900000035762787,0.23600000143051147
28.12.2022 11:30 - 11:45,0.07199999690055847,0,0.07199999690055847,0.2879999876022339
28.12.2022 11:45 - 12:00,0.07500000298023224,0,0.07500000298023224,0.30000001192092896
28.12.2022 12:00 - 12:15,0.04800000041723251,0,0.04800000041723251,0.19200000166893005
28.12.2022 12:15 - 12:30,0.12300000339746475,0,0.12300000339746475,0.492000013589859
28.12.2022 12:30 - 12:45,0.7509999871253967,0,0.7509999871253967,3.003999948501587
28.12.2022 12:45 - 13:00,0.6159999966621399,0,0.6159999966621399,2.4639999866485596
28.12.2022 13:00 - 13:15,0.12800000607967377,0,0.12800000607967377,0.5120000243186951
28.12.2022 13:15 - 13:30,0.10000000149011612,0,0.10000000149011612,0.4000000059604645
28.12.2022 13:30 - 13:45,0.1550000011920929,0,0.1550000011920929,0.6200000047683716
28.12.2022 13:45 - 14:00,0.13099999725818634,0,0.13099999725818634,0.5239999890327454
28.12.2022 14:00 - 14:15,0.13600000739097595,0,0.13600000739097595,0.5440000295639038
28.12.2022 14:15 - 14:30,0.11299999803304672,0,0.11299999803304672,0.4519999921321869
28.12.2022 14:30 - 14:45,0.12700000405311584,0,0.12700000405311584,0.5080000162124634
28.12.2022 14:45 - 15:00,0.09000000357627869,0,0.09000000357627869,0.36000001430511475
28.12.2022 15:00 - 15:15,0.0689999982714653,0,0.0689999982714653,0.2759999930858612
28.12.2022 15:15 - 15:30,0.04399999976158142,0,0.04399999976158142,0.17599999904632568
28.12.2022 15:30 - 15:45,0.020999999716877937,0,0.020999999716877937,0.08399999886751175
28.12.2022 15:45 - 16:00,0.04100000113248825,0,0.04100000113248825,0.164000004529953
28.12.2022 16:00 - 16:15,0.02199999988079071,0,0.02199999988079071,0.08799999952316284
28.12.2022 16:15 - 16:30,0.03500000014901161,0,0.03500000014901161,0.14000000059604645
28.12.2022 16:30 - 16:45,0.02800000086426735,0,0.02800000086426735,0.1120000034570694
28.12.2022 16:45 - 17:00,0.020999999716877937,0,0.020999999716877937,0.08399999886751175
28.12.2022 17:00 - 17:15,0.03999999910593033,0,0.03999999910593033,0.1599999964237213
28.12.2022 17:15 - 17:30,0.04600000008940697,0,0.04600000008940697,0.18400000035762787
28.12.2022 17:30 - 17:45,0.0430000014603138,0,0.0430000014603138,0.1720000058412552
28.12.2022 17:45 - 18:00,0.023000000044703484,0,0.023000000044703484,0.09200000017881393
28.12.2022 18:00 - 18:15,0.02199999988079071,0,0.02199999988079071,0.08799999952316284
28.12.2022 18:15 - 18:30,0.039000000804662704,0,0.039000000804662704,0.15600000321865082
28.12.2022 18:30 - 18:45,0.03200000151991844,0,0.03200000151991844,0.12800000607967377
28.12.2022 18:45 - 19:00,0.03200000151991844,0,0.03200000151991844,0.12800000607967377
28.12.2022 19:00 - 19:15,0.020999999716877937,0,0.020999999716877937,0.08399999886751175
28.12.2022 19:15 - 19:30,0.020999999716877937,0,0.020999999716877937,0.08399999886751175
28.12.2022 19:30 - 19:45,0.03999999910593033,0,0.03999999910593033,0.1599999964237213
28.12.2022 19:45 - 20:00,0.05400000140070915,0,0.05400000140070915,0.2160000056028366
28.12.2022 20:00 - 20:15,0.035999998450279236,0,0.035999998450279236,0.14399999380111694
28.12.2022 20:15 - 20:30,0.020999999716877937,0,0.020999999716877937,0.08399999886751175
28.12.2022 20:30 - 20:45,0.020999999716877937,0,0.020999999716877937,0.08399999886751175
28.12.2022 20:45 - 21:00,0.04500000178813934,0,0.04500000178813934,0.18000000715255737
28.12.2022 21:00 - 21:15,0.035999998450279236,0,0.035999998450279236,0.14399999380111694
28.12.2022 21:15 - 21:30,0.04100000113248825,0,0.04100000113248825,0.164000004529953
28.12.2022 21:30 - 21:45,0.07500000298023224,0,0.07500000298023224,0.30000001192092896
28.12.2022 21:45 - 22:00,0.0729999989271164,0,0.0729999989271164,0.2919999957084656
28.12.2022 22:00 - 22:15,0,0.09000000357627869,0.09000000357627869,0.36000001430511475
28.12.2022 22:15 - 22:30,0,0.25699999928474426,0.25699999928474426,1.027999997138977
28.12.2022 22:30 - 22:45,0,0.4390000104904175,0.4390000104904175,1.75600004196167
28.12.2022 22:45 - 23:00,0,0.5210000276565552,0.5210000276565552,2.0840001106262207
28.12.2022 23:00 - 23:15,0,0.1770000010728836,0.1770000010728836,0.7080000042915344
28.12.2022 23:15 - 23:30,0,0.0689999982714653,0.0689999982714653,0.2759999930858612
28.12.2022 23:30 - 23:45,0,0.05400000140070915,0.05400000140070915,0.2160000056028366
28.12.2022 23:45 - 00:00,0,0.04699999839067459,0.04699999839067459,0.18799999356269836
29.12.2022 00:00 - 00:15,0,0.024000000208616257,0.024000000208616257,0.09600000083446503
29.12.2022 00:15 - 00:30,0,0.03200000151991844,0.03200000151991844,0.12800000607967377
29.12.2022 00:30 - 00:45,0,0.03700000047683716,0.03700000047683716,0.14800000190734863
29.12.2022 00:45 - 01:00,0,0.029999999329447746,0.029999999329447746,0.11999999731779099
29.12.2022 01:00 - 01:15,0,0.07000000029802322,0.07000000029802322,0.2800000011920929
29.12.2022 01:15 - 01:30,0,0.05400000140070915,0.05400000140070915,0.2160000056028366
29.12.2022 01:30 - 01:45,0,0.032999999821186066,0.032999999821186066,0.13199999928474426
29.12.2022 01:45 - 02:00,0,0.03200000151991844,0.03200000151991844,0.12800000607967377
29.12.2022 02:00 - 02:15,0,0.027000000700354576,0.027000000700354576,0.1080000028014183
29.12.2022 02:15 - 02:30,0,0.04100000113248825,0.04100000113248825,0.164000004529953
29.12.2022 02:30 - 02:45,0,0.02800000086426735,0.02800000086426735,0.1120000034570694
29.12.2022 02:45 - 03:00,0,0.03799999877810478,0.03799999877810478,0.15199999511241913
29.12.2022 03:00 - 03:15,0,0.03099999949336052,0.03099999949336052,0.12399999797344208
29.12.2022 03:15 - 03:30,0,0.026000000536441803,0.026000000536441803,0.10400000214576721
29.12.2022 03:30 - 03:45,0,0.03200000151991844,0.03200000151991844,0.12800000607967377
29.12.2022 03:45 - 04:00,0,0.04899999871850014,0.04899999871850014,0.19599999487400055
29.12.2022 04:00 - 04:15,0,0.04899999871850014,0.04899999871850014,0.19599999487400055
29.12.2022 04:15 - 04:30,0,0.023000000044703484,0.023000000044703484,0.09200000017881393
29.12.2022 04:30 - 04:45,0,0.02199999988079071,0.02199999988079071,0.08799999952316284
29.12.2022 04:45 - 05:00,0,0.027000000700354576,0.027000000700354576,0.1080000028014183
29.12.2022 05:00 - 05:15,0,0.04800000041723251,0.04800000041723251,0.19200000166893005
29.12.2022 05:15 - 05:30,0,0.03200000151991844,0.03200000151991844,0.12800000607967377
29.12.2022 05:30 - 05:45,0,0.02199999988079071,0.02199999988079071,0.08799999952316284
29.12.2022 05:45 - 06:00,0,0.02199999988079071,0.02199999988079071,0.08799999952316284
29.12.2022 06:00 - 06:15,0,0.024000000208616257,0.024000000208616257,0.09600000083446503
29.12.2022 06:15 - 06:30,0,0.04600000008940697,0.04600000008940697,0.18400000035762787
29.12.2022 06:30 - 06:45,0,0.04800000041723251,0.04800000041723251,0.19200000166893005
29.12.2022 06:45 - 07:00,0,0.03500000014901161,0.03500000014901161,0.14000000059604645
29.12.2022 07:00 - 07:15,0.02199999988079071,0,0.02199999988079071,0.08799999952316284
29.12.2022 07:15 - 07:30,0.027000000700354576,0,0.027000000700354576,0.1080000028014183
29.12.2022 07:30 - 07:45,0.210999995470047,0,0.210999995470047,0.843999981880188
29.12.2022 07:45 - 08:00,0.0729999989271164,0,0.0729999989271164,0.2919999957084656
29.12.2022 08:00 - 08:15,0.04100000113248825,0,0.04100000113248825,0.164000004529953
29.12.2022 08:15 - 08:30,0.020999999716877937,0,0.020999999716877937,0.08399999886751175
29.12.2022 08:30 - 08:45,0.03200000151991844,0,0.03200000151991844,0.12800000607967377
29.12.2022 08:45 - 09:00,0.032999999821186066,0,0.032999999821186066,0.13199999928474426
29.12.2022 09:00 - 09:15,0.032999999821186066,0,0.032999999821186066,0.13199999928474426
29.12.2022 09:15 - 09:30,0.04100000113248825,0,0.04100000113248825,0.164000004529953
29.12.2022 09:30 - 09:45,0.035999998450279236,0,0.035999998450279236,0.14399999380111694
29.12.2022 09:45 - 10:00,0.03500000014901161,0,0.03500000014901161,0.14000000059604645
29.12.2022 10:00 - 10:15,0.028999999165534973,0,0.028999999165534973,0.11599999666213989
29.12.2022 10:15 - 10:30,0.027000000700354576,0,0.027000000700354576,0.1080000028014183
29.12.2022 10:30 - 10:45,0.039000000804662704,0,0.039000000804662704,0.15600000321865082
29.12.2022 10:45 - 11:00,0.6349999904632568,0,0.6349999904632568,2.5399999618530273
29.12.2022 11:00 - 11:15,0.43299999833106995,0,0.43299999833106995,1.7319999933242798
29.12.2022 11:15 - 11:30,0.07100000232458115,0,0.07100000232458115,0.2840000092983246
29.12.2022 11:30 - 11:45,0.17100000381469727,0,0.17100000381469727,0.6840000152587891
29.12.2022 11:45 - 12:00,0.07999999821186066,0,0.07999999821186066,0.3199999928474426
29.12.2022 12:00 - 12:15,0.1979999989271164,0,0.1979999989271164,0.7919999957084656
29.12.2022 12:15 - 12:30,0.050999999046325684,0,0.050999999046325684,0.20399999618530273
29.12.2022 12:30 - 12:45,0.027000000700354576,0,0.027000000700354576,0.1080000028014183
29.12.2022 12:45 - 13:00,0.026000000536441803,0,0.026000000536441803,0.10400000214576721
29.12.2022 13:00 - 13:15,0.03500000014901161,0,0.03500000014901161,0.14000000059604645
29.12.2022 13:15 - 13:30,0.14800000190734863,0,0.14800000190734863,0.5920000076293945
29.12.2022 13:30 - 13:45,0.18000000715255737,0,0.18000000715255737,0.7200000286102295
29.12.2022 13:45 - 14:00,0.17900000512599945,0,0.17900000512599945,0.7160000205039978
29.12.2022 14:00 - 14:15,0.18400000035762787,0,0.18400000035762787,0.7360000014305115
29.12.2022 14:15 - 14:30,0.1979999989271164,0,0.1979999989271164,0.7919999957084656
29.12.2022 14:30 - 14:45,0.2070000022649765,0,0.2070000022649765,0.828000009059906
29.12.2022 14:45 - 15:00,0.19300000369548798,0,0.19300000369548798,0.7720000147819519
29.12.2022 15:00 - 15:15,0.1899999976158142,0,0.1899999976158142,0.7599999904632568
29.12.2022 15:15 - 15:30,0.19099999964237213,0,0.19099999964237213,0.7639999985694885
29.12.2022 15:30 - 15:45,0.08500000089406967,0,0.08500000089406967,0.3400000035762787
29.12.2022 15:45 - 16:00,0.08299999684095383,0,0.08299999684095383,0.3319999873638153
29.12.2022 16:00 - 16:15,0.0820000022649765,0,0.0820000022649765,0.328000009059906
29.12.2022 16:15 - 16:30,0.06599999964237213,0,0.06599999964237213,0.2639999985694885
29.12.2022 16:30 - 16:45,0.06400000303983688,0,0.06400000303983688,0.25600001215934753
29.12.2022 16:45 - 17:00,0.07500000298023224,0,0.07500000298023224,0.30000001192092896
29.12.2022 17:00 - 17:15,0.0689999982714653,0,0.0689999982714653,0.2759999930858612
29.12.2022 17:15 - 17:30,0.0820000022649765,0,0.0820000022649765,0.328000009059906
29.12.2022 17:30 - 17:45,0.09799999743700027,0,0.09799999743700027,0.3919999897480011
29.12.2022 17:45 - 18:00,0.10100000351667404,0,0.10100000351667404,0.40400001406669617
29.12.2022 18:00 - 18:15,0.09200000017881393,0,0.09200000017881393,0.36800000071525574
29.12.2022 18:15 - 18:30,0.08399999886751175,0,0.08399999886751175,0.335999995470047
29.12.2022 18:30 - 18:45,0.0989999994635582,0,0.0989999994635582,0.3959999978542328
29.12.2022 18:45 - 19:00,0.1379999965429306,0,0.1379999965429306,0.5519999861717224
29.12.2022 19:00 - 19:15,0.125,0,0.125,0.5
29.12.2022 19:15 - 19:30,0.12600000202655792,0,0.12600000202655792,0.5040000081062317
29.12.2022 19:30 - 19:45,0.11299999803304672,0,0.11299999803304672,0.4519999921321869
29.12.2022 19:45 - 20:00,0.11400000005960464,0,0.11400000005960464,0.4560000002384186
29.12.2022 20:00 - 20:15,0.11900000274181366,0,0.11900000274181366,0.47600001096725464
29.12.2022 20:15 - 20:30,0.15199999511241913,0,0.15199999511241913,0.6079999804496765
29.12.2022 20:30 - 20:45,0.164000004529953,0,0.164000004529953,0.656000018119812
29.12.2022 20:45 - 21:00,0.16200000047683716,0,0.16200000047683716,0.6480000019073486
29.12.2022 21:00 - 21:15,0.20000000298023224,0,0.20000000298023224,0.800000011920929
29.12.2022 21:15 - 21:30,0.21799999475479126,0,0.21799999475479126,0.871999979019165
29.12.2022 21:30 - 21:45,0.21199999749660492,0,0.21199999749660492,0.8479999899864197
29.12.2022 21:45 - 22:00,0.19900000095367432,0,0.19900000095367432,0.7960000038146973
29.12.2022 22:00 - 22:15,0,0.19599999487400055,0.19599999487400055,0.7839999794960022
29.12.2022 22:15 - 22:30,0,0.2029999941587448,0.2029999941587448,0.8119999766349792
29.12.2022 22:30 - 22:45,0,0.20800000429153442,0.20800000429153442,0.8320000171661377
29.12.2022 22:45 - 23:00,0,0.22100000083446503,0.22100000083446503,0.8840000033378601
29.12.2022 23:00 - 23:15,0,0.2150000035762787,0.2150000035762787,0.8600000143051147
29.12.2022 23:15 - 23:30,0,0.20399999618530273,0.20399999618530273,0.8159999847412109
29.12.2022 23:30 - 23:45,0,0.1860000044107437,0.1860000044107437,0.7440000176429749
29.12.2022 23:45 - 00:00,0,0.1720000058412552,0.1720000058412552,0.6880000233650208
30.12.2022 00:00 - 00:15,0,0.17599999904632568,0.17599999904632568,0.7039999961853027
30.12.2022 00:15 - 00:30,0,0.3199999928474426,0.3199999928474426,1.2799999713897705
30.12.2022 00:30 - 00:45,0,0.6620000004768372,0.6620000004768372,2.6480000019073486
30.12.2022 00:45 - 01:00,0,0.652999997138977,0.652999997138977,2.611999988555908
30.12.2022 01:00 - 01:15,0,0.33000001311302185,0.33000001311302185,1.3200000524520874
30.12.2022 01:15 - 01:30,0,0.19499999284744263,0.19499999284744263,0.7799999713897705
30.12.2022 01:30 - 01:45,0,0.20900000631809235,0.20900000631809235,0.8360000252723694
30.12.2022 01:45 - 02:00,0,0.31200000643730164,0.31200000643730164,1.2480000257492065
30.12.2022 02:00 - 02:15,0,0.2280000001192093,0.2280000001192093,0.9120000004768372
30.12.2022 02:15 - 02:30,0,0.16200000047683716,0.16200000047683716,0.6480000019073486
30.12.2022 02:30 - 02:45,0,0.2240000069141388,0.2240000069141388,0.8960000276565552
30.12.2022 02:45 - 03:00,0,0.19699999690055847,0.19699999690055847,0.7879999876022339
30.12.2022 03:00 - 03:15,0,0.2029999941587448,0.2029999941587448,0.8119999766349792
30.12.2022 03:15 - 03:30,0,0.2150000035762787,0.2150000035762787,0.8600000143051147
30.12.2022 03:30 - 03:45,0,0.20900000631809235,0.20900000631809235,0.8360000252723694
30.12.2022 03:45 - 04:00,0,0.20999999344348907,0.20999999344348907,0.8399999737739563
30.12.2022 04:00 - 04:15,0,0.23000000417232513,0.23000000417232513,0.9200000166893005
30.12.2022 04:15 - 04:30,0,0.1809999942779541,0.1809999942779541,0.7239999771118164
30.12.2022 04:30 - 04:45,0,0.10100000351667404,0.10100000351667404,0.40400001406669617
30.12.2022 04:45 - 05:00,0,0.08500000089406967,0.08500000089406967,0.3400000035762787
30.12.2022 05:00 - 05:15,0,0.08100000023841858,0.08100000023841858,0.3240000009536743
30.12.2022 05:15 - 05:30,0,0.09600000083446503,0.09600000083446503,0.3840000033378601
30.12.2022 05:30 - 05:45,0,0.09200000017881393,0.09200000017881393,0.36800000071525574
30.12.2022 05:45 - 06:00,0,0.08100000023841858,0.08100000023841858,0.3240000009536743
30.12.2022 06:00 - 06:15,0,0.07400000095367432,0.07400000095367432,0.29600000381469727
30.12.2022 06:15 - 06:30,0,0.07400000095367432,0.07400000095367432,0.29600000381469727
30.12.2022 06:30 - 06:45,0,0.08100000023841858,0.08100000023841858,0.3240000009536743
30.12.2022 06:45 - 07:00,0,0.10599999874830246,0.10599999874830246,0.42399999499320984
30.12.2022 07:00 - 07:15,0.09700000286102295,0,0.09700000286102295,0.3880000114440918
30.12.2022 07:15 - 07:30,0.0820000022649765,0,0.0820000022649765,0.328000009059906
30.12.2022 07:30 - 07:45,0.07400000095367432,0,0.07400000095367432,0.29600000381469727
30.12.2022 07:45 - 08:00,0.0860000029206276,0,0.0860000029206276,0.3440000116825104
30.12.2022 08:00 - 08:15,0.09700000286102295,0,0.09700000286102295,0.3880000114440918
30.12.2022 08:15 - 08:30,0.08100000023841858,0,0.08100000023841858,0.3240000009536743
30.12.2022 08:30 - 08:45,0.07500000298023224,0,0.07500000298023224,0.30000001192092896
30.12.2022 08:45 - 09:00,0.07699999958276749,0,0.07699999958276749,0.30799999833106995
30.12.2022 09:00 - 09:15,0.08699999749660492,0,0.08699999749660492,0.3479999899864197
30.12.2022 09:15 - 09:30,0.07999999821186066,0,0.07999999821186066,0.3199999928474426
30.12.2022 09:30 - 09:45,0.08900000154972076,0,0.08900000154972076,0.35600000619888306
30.12.2022 09:45 - 10:00,0.09399999678134918,0,0.09399999678134918,0.37599998712539673
30.12.2022 10:00 - 10:15,0.0949999988079071,0,0.0949999988079071,0.3799999952316284
30.12.2022 10:15 - 10:30,0.09000000357627869,0,0.09000000357627869,0.36000001430511475
30.12.2022 10:30 - 10:45,0.07900000363588333,0,0.07900000363588333,0.3160000145435333
30.12.2022 10:45 - 11:00,0.09399999678134918,0,0.09399999678134918,0.37599998712539673
30.12.2022 11:00 - 11:15,0.23999999463558197,0,0.23999999463558197,0.9599999785423279
30.12.2022 11:15 - 11:30,0.09799999743700027,0,0.09799999743700027,0.3919999897480011
30.12.2022 11:30 - 11:45,0.0949999988079071,0,0.0949999988079071,0.3799999952316284
30.12.2022 11:45 - 12:00,0.08500000089406967,0,0.08500000089406967,0.3400000035762787
30.12.2022 12:00 - 12:15,0.10199999809265137,0,0.10199999809265137,0.40799999237060547
30.12.2022 12:15 - 12:30,0.11900000274181366,0,0.11900000274181366,0.47600001096725464
30.12.2022 12:30 - 12:45,0.13500000536441803,0,0.13500000536441803,0.5400000214576721
30.12.2022 12:45 - 13:00,0.13600000739097595,0,0.13600000739097595,0.5440000295639038
30.12.2022 13:00 - 13:15,0.5830000042915344,0,0.5830000042915344,2.3320000171661377
30.12.2022 13:15 - 13:30,0.5049999952316284,0,0.5049999952316284,2.0199999809265137
30.12.2022 13:30 - 13:45,0.21799999475479126,0,0.21799999475479126,0.871999979019165
30.12.2022 13:45 - 14:00,0.12800000607967377,0,0.12800000607967377,0.5120000243186951
30.12.2022 14:00 - 14:15,0.14100000262260437,0,0.14100000262260437,0.5640000104904175
30.12.2022 14:15 - 14:30,0.125,0,0.125,0.5
30.12.2022 14:30 - 14:45,0.1459999978542328,0,0.1459999978542328,0.5839999914169312
30.12.2022 14:45 - 15:00,0.16300000250339508,0,0.16300000250339508,0.6520000100135803
30.12.2022 15:00 - 15:15,0.15000000596046448,0,0.15000000596046448,0.6000000238418579
30.12.2022 15:15 - 15:30,0.13300000131130219,0,0.13300000131130219,0.5320000052452087
30.12.2022 15:30 - 15:45,0.1379999965429306,0,0.1379999965429306,0.5519999861717224
30.12.2022 15:45 - 16:00,0.12600000202655792,0,0.12600000202655792,0.5040000081062317
30.12.2022 16:00 - 16:15,0.10400000214576721,0,0.10400000214576721,0.41600000858306885
30.12.2022 16:15 - 16:30,0.09300000220537186,0,0.09300000220537186,0.3720000088214874
30.12.2022 16:30 - 16:45,0.07400000095367432,0,0.07400000095367432,0.29600000381469727
30.12.2022 16:45 - 17:00,0.07599999755620956,0,0.07599999755620956,0.30399999022483826
30.12.2022 17:00 - 17:15,0.07999999821186066,0,0.07999999821186066,0.3199999928474426
30.12.2022 17:15 - 17:30,0.0820000022649765,0,0.0820000022649765,0.328000009059906
30.12.2022 17:30 - 17:45,0.07599999755620956,0,0.07599999755620956,0.30399999022483826
30.12.2022 17:45 - 18:00,0.052000001072883606,0,0.052000001072883606,0.20800000429153442
30.12.2022 18:00 - 18:15,0.07800000160932541,0,0.07800000160932541,0.31200000643730164
30.12.2022 18:15 - 18:30,0.08100000023841858,0,0.08100000023841858,0.3240000009536743
30.12.2022 18:30 - 18:45,0.061000000685453415,0,0.061000000685453415,0.24400000274181366
30.12.2022 18:45 - 19:00,0.04100000113248825,0,0.04100000113248825,0.164000004529953
30.12.2022 19:00 - 19:15,0.052000001072883606,0,0.052000001072883606,0.20800000429153442
30.12.2022 19:15 - 19:30,0.0430000014603138,0,0.0430000014603138,0.1720000058412552
30.12.2022 19:30 - 19:45,0.04500000178813934,0,0.04500000178813934,0.18000000715255737
30.12.2022 19:45 - 20:00,0.04699999839067459,0,0.04699999839067459,0.18799999356269836
30.12.2022 20:00 - 20:15,0.050999999046325684,0,0.050999999046325684,0.20399999618530273
30.12.2022 20:15 - 20:30,0.03999999910593033,0,0.03999999910593033,0.1599999964237213
30.12.2022 20:30 - 20:45,0.026000000536441803,0,0.026000000536441803,0.10400000214576721
30.12.2022 20:45 - 21:00,0.026000000536441803,0,0.026000000536441803,0.10400000214576721
30.12.2022 21:00 - 21:15,0.04899999871850014,0,0.04899999871850014,0.19599999487400055
30.12.2022 21:15 - 21:30,0.03700000047683716,0,0.03700000047683716,0.14800000190734863
30.12.2022 21:30 - 21:45,0.028999999165534973,0,0.028999999165534973,0.11599999666213989
30.12.2022 21:45 - 22:00,0.024000000208616257,0,0.024000000208616257,0.09600000083446503
30.12.2022 22:00 - 22:15,0,0.02500000037252903,0.02500000037252903,0.10000000149011612
30.12.2022 22:15 - 22:30,0,0.041999999433755875,0.041999999433755875,0.1679999977350235
30.12.2022 22:30 - 22:45,0,0.057999998331069946,0.057999998331069946,0.23199999332427979
30.12.2022 22:45 - 23:00,0,0.04399999976158142,0.04399999976158142,0.17599999904632568
30.12.2022 23:00 - 23:15,0,0.15299999713897705,0.15299999713897705,0.6119999885559082
30.12.2022 23:15 - 23:30,0,0.10199999809265137,0.10199999809265137,0.40799999237060547
30.12.2022 23:30 - 23:45,0,0.09799999743700027,0.09799999743700027,0.3919999897480011
30.12.2022 23:45 - 00:00,0,0.08900000154972076,0.08900000154972076,0.35600000619888306
31.12.2022 00:00 - 00:15,0,0.07800000160932541,0.07800000160932541,0.31200000643730164
31.12.2022 00:15 - 00:30,0,0.07900000363588333,0.07900000363588333,0.3160000145435333
31.12.2022 00:30 - 00:45,0,0.09200000017881393,0.09200000017881393,0.36800000071525574
31.12.2022 00:45 - 01:00,0,0.08500000089406967,0.08500000089406967,0.3400000035762787
31.12.2022 01:00 - 01:15,0,0.08699999749660492,0.08699999749660492,0.3479999899864197
31.12.2022 01:15 - 01:30,0,0.13300000131130219,0.13300000131130219,0.5320000052452087
31.12.2022 01:30 - 01:45,0,0.4099999964237213,0.4099999964237213,1.6399999856948853
31.12.2022 01:45 - 02:00,0,0.15800000727176666,0.15800000727176666,0.6320000290870667
31.12.2022 02:00 - 02:15,0,0.03200000151991844,0.03200000151991844,0.12800000607967377
31.12.2022 02:15 - 02:30,0,0.04800000041723251,0.04800000041723251,0.19200000166893005
31.12.2022 02:30 - 02:45,0,0.04399999976158142,0.04399999976158142,0.17599999904632568
31.12.2022 02:45 - 03:00,0,0.04800000041723251,0.04800000041723251,0.19200000166893005
31.12.2022 03:00 - 03:15,0,0.32100000977516174,0.32100000977516174,1.284000039100647
31.12.2022 03:15 - 03:30,0,0.07199999690055847,0.07199999690055847,0.2879999876022339
31.12.2022 03:30 - 03:45,0,0.17299999296665192,0.17299999296665192,0.6919999718666077
31.12.2022 03:45 - 04:00,0,0.06300000101327896,0.06300000101327896,0.25200000405311584
31.12.2022 04:00 - 04:15,0,0.05400000140070915,0.05400000140070915,0.2160000056028366
31.12.2022 04:15 - 04:30,0,0.029999999329447746,0.029999999329447746,0.11999999731779099
31.12.2022 04:30 - 04:45,0,0.029999999329447746,0.029999999329447746,0.11999999731779099
31.12.2022 04:45 - 05:00,0,0.041999999433755875,0.041999999433755875,0.1679999977350235
31.12.2022 05:00 - 05:15,0,0.052000001072883606,0.052000001072883606,0.20800000429153442
31.12.2022 05:15 - 05:30,0,0.028999999165534973,0.028999999165534973,0.11599999666213989
31.12.2022 05:30 - 05:45,0,0.02500000037252903,0.02500000037252903,0.10000000149011612
31.12.2022 05:45 - 06:00,0,0.02500000037252903,0.02500000037252903,0.10000000149011612
31.12.2022 06:00 - 06:15,0,0.035999998450279236,0.035999998450279236,0.14399999380111694
31.12.2022 06:15 - 06:30,0,0.050999999046325684,0.050999999046325684,0.20399999618530273
31.12.2022 06:30 - 06:45,0,0.04500000178813934,0.04500000178813934,0.18000000715255737
31.12.2022 06:45 - 07:00,0,0.03799999877810478,0.03799999877810478,0.15199999511241913
31.12.2022 07:00 - 07:15,0.03200000151991844,0,0.03200000151991844,0.12800000607967377
31.12.2022 07:15 - 07:30,0.039000000804662704,0,0.039000000804662704,0.15600000321865082
31.12.2022 07:30 - 07:45,0.03799999877810478,0,0.03799999877810478,0.15199999511241913
31.12.2022 07:45 - 08:00,0.061000000685453415,0,0.061000000685453415,0.24400000274181366
31.12.2022 08:00 - 08:15,0.03500000014901161,0,0.03500000014901161,0.14000000059604645
31.12.2022 08:15 - 08:30,0.05000000074505806,0,0.05000000074505806,0.20000000298023224
31.12.2022 08:30 - 08:45,0.04500000178813934,0,0.04500000178813934,0.18000000715255737
31.12.2022 08:45 - 09:00,0.035999998450279236,0,0.035999998450279236,0.14399999380111694
31.12.2022 09:00 - 09:15,0.05000000074505806,0,0.05000000074505806,0.20000000298023224
31.12.2022 09:15 - 09:30,0.06300000101327896,0,0.06300000101327896,0.25200000405311584
31.12.2022 09:30 - 09:45,0.05999999865889549,0,0.05999999865889549,0.23999999463558197
31.12.2022 09:45 - 10:00,0.03500000014901161,0,0.03500000014901161,0.14000000059604645
31.12.2022 10:00 - 10:15,0.03400000184774399,0,0.03400000184774399,0.13600000739097595
31.12.2022 10:15 - 10:30,0.04399999976158142,0,0.04399999976158142,0.17599999904632568
31.12.2022 10:30 - 10:45,0.06400000303983688,0,0.06400000303983688,0.25600001215934753
31.12.2022 10:45 - 11:00,0.041999999433755875,0,0.041999999433755875,0.1679999977350235
31.12.2022 11:00 - 11:15,0.035999998450279236,0,0.035999998450279236,0.14399999380111694
31.12.2022 11:15 - 11:30,0.0860000029206276,0,0.0860000029206276,0.3440000116825104
31.12.2022 11:30 - 11:45,0.2460000067949295,0,0.2460000067949295,0.984000027179718
31.12.2022 11:45 - 12:00,0.1340000033378601,0,0.1340000033378601,0.5360000133514404
31.12.2022 12:00 - 12:15,0.1340000033378601,0,0.1340000033378601,0.5360000133514404
31.12.2022 12:15 - 12:30,0.1289999932050705,0,0.1289999932050705,0.515999972820282
31.12.2022 12:30 - 12:45,0.12200000137090683,0,0.12200000137090683,0.4880000054836273
31.12.2022 12:45 - 13:00,0.1860000044107437,0,0.1860000044107437,0.7440000176429749
31.12.2022 13:00 - 13:15,0.10300000011920929,0,0.10300000011920929,0.41200000047683716
31.12.2022 13:15 - 13:30,0.6309999823570251,0,0.6309999823570251,2.5239999294281006
31.12.2022 13:30 - 13:45,0.3619999885559082,0,0.3619999885559082,1.4479999542236328
31.12.2022 13:45 - 14:00,0.16300000250339508,0,0.16300000250339508,0.6520000100135803
31.12.2022 14:00 - 14:15,0.06199999898672104,0,0.06199999898672104,0.24799999594688416
31.12.2022 14:15 - 14:30,0.0430000014603138,0,0.0430000014603138,0.1720000058412552
31.12.2022 14:30 - 14:45,0.05900000035762787,0,0.05900000035762787,0.23600000143051147
31.12.2022 14:45 - 15:00,0.07699999958276749,0,0.07699999958276749,0.30799999833106995
31.12.2022 15:00 - 15:15,0.06300000101327896,0,0.06300000101327896,0.25200000405311584
31.12.2022 15:15 - 15:30,0.02800000086426735,0,0.02800000086426735,0.1120000034570694
31.12.2022 15:30 - 15:45,0.02500000037252903,0,0.02500000037252903,0.10000000149011612
31.12.2022 15:45 - 16:00,0.039000000804662704,0,0.039000000804662704,0.15600000321865082
31.12.2022 16:00 - 16:15,0.052000001072883606,0,0.052000001072883606,0.20800000429153442
31.12.2022 16:15 - 16:30,0.023000000044703484,0,0.023000000044703484,0.09200000017881393
31.12.2022 16:30 - 16:45,0.020999999716877937,0,0.020999999716877937,0.08399999886751175
31.12.2022 16:45 - 17:00,0.04699999839067459,0,0.04699999839067459,0.18799999356269836
31.12.2022 17:00 - 17:15,0.04899999871850014,0,0.04899999871850014,0.19599999487400055
31.12.2022 17:15 - 17:30,0.0430000014603138,0,0.0430000014603138,0.1720000058412552
31.12.2022 17:30 - 17:45,0.21899999678134918,0,0.21899999678134918,0.8759999871253967
31.12.2022 17:45 - 18:00,0.10700000077486038,0,0.10700000077486038,0.42800000309944153
31.12.2022 18:00 - 18:15,0.10000000149011612,0,0.10000000149011612,0.4000000059604645
31.12.2022 18:15 - 18:30,0.0860000029206276,0,0.0860000029206276,0.3440000116825104
31.12.2022 18:30 - 18:45,0.02199999988079071,0,0.02199999988079071,0.08799999952316284
31.12.2022 18:45 - 19:00,0.035999998450279236,0,0.035999998450279236,0.14399999380111694
31.12.2022 19:00 - 19:15,0.029999999329447746,0,0.029999999329447746,0.11999999731779099
31.12.2022 19:15 - 19:30,0.03200000151991844,0,0.03200000151991844,0.12800000607967377
31.12.2022 19:30 - 19:45,0.01899999938905239,0,0.01899999938905239,0.07599999755620956
31.12.2022 19:45 - 20:00,0.019999999552965164,0,0.019999999552965164,0.07999999821186066
31.12.2022 20:00 - 20:15,0.02500000037252903,0,0.02500000037252903,0.10000000149011612
31.12.2022 20:15 - 20:30,0.052000001072883606,0,0.052000001072883606,0.20800000429153442
31.12.2022 20:30 - 20:45,0.03999999910593033,0,0.03999999910593033,0.1599999964237213
31.12.2022 20:45 - 21:00,0.020999999716877937,0,0.020999999716877937,0.08399999886751175
31.12.2022 21:00 - 21:15,0.020999999716877937,0,0.020999999716877937,0.08399999886751175
31.12.2022 21:15 - 21:30,0.03099999949336052,0,0.03099999949336052,0.12399999797344208
31.12.2022 21:30 - 21:45,0.04699999839067459,0,0.04699999839067459,0.18799999356269836
31.12.2022 21:45 - 22:00,0.019999999552965164,0,0.019999999552965164,0.07999999821186066
31.12.2022 22:00 - 22:15,0,0.017000000923871994,0.017000000923871994,0.06800000369548798
31.12.2022 22:15 - 22:30,0,0.024000000208616257,0.024000000208616257,0.09600000083446503
31.12.2022 22:30 - 22:45,0,0.03099999949336052,0.03099999949336052,0.12399999797344208
31.12.2022 22:45 - 23:00,0,0.026000000536441803,0.026000000536441803,0.10400000214576721
31.12.2022 23:00 - 23:15,0,0.04100000113248825,0.04100000113248825,0.164000004529953
31.12.2022 23:15 - 23:30,0,0.03799999877810478,0.03799999877810478,0.15199999511241913
31.12.2022 23:30 - 23:45,0,0.03400000184774399,0.03400000184774399,0.13600000739097595
31.12.2022 23:45 - 00:00,0,0.027000000700354576,0.027000000700354576,0.1080000028014183
01.01.2023 00:00 - 00:15,0,0.017000000923871994,0.017000000923871994,0.06800000369548798
01.01.2023 00:15 - 00:30,0,0.03500000014901161,0.03500000014901161,0.14000000059604645
01.01.2023 00:30 - 00:45,0,0.026000000536441803,0.026000000536441803,0.10400000214576721
01.01.2023 00:45 - 01:00,0,0.029999999329447746,0.029999999329447746,0.11999999731779099
01.01.2023 01:00 - 01:15,0,0.01899999938905239,0.01899999938905239,0.07599999755620956
01.01.2023 01:15 - 01:30,0,0.01899999938905239,0.01899999938905239,0.07599999755620956
01.01.2023 01:30 - 01:45,0,0.027000000700354576,0.027000000700354576,0.1080000028014183
01.01.2023 01:45 - 02:00,0,0.05299999937415123,0.05299999937415123,0.21199999749660492
01.01.2023 02:00 - 02:15,0,0.03999999910593033,0.03999999910593033,0.1599999964237213
01.01.2023 02:15 - 02:30,0,0.019999999552965164,0.019999999552965164,0.07999999821186066
01.01.2023 02:30 - 02:45,0,0.020999999716877937,0.020999999716877937,0.08399999886751175
01.01.2023 02:45 - 03:00,0,0.0430000014603138,0.0430000014603138,0.1720000058412552
01.01.2023 03:00 - 03:15,0,0.050999999046325684,0.050999999046325684,0.20399999618530273
01.01.2023 03:15 - 03:30,0,0.020999999716877937,0.020999999716877937,0.08399999886751175
01.01.2023 03:30 - 03:45,0,0.020999999716877937,0.020999999716877937,0.08399999886751175
01.01.2023 03:45 - 04:00,0,0.027000000700354576,0.027000000700354576,0.1080000028014183
01.01.2023 04:00 - 04:15,0,0.03099999949336052,0.03099999949336052,0.12399999797344208
01.01.2023 04:15 - 04:30,0,0.02199999988079071,0.02199999988079071,0.08799999952316284
01.01.2023 04:30 - 04:45,0,0.039000000804662704,0.039000000804662704,0.15600000321865082
01.01.2023 04:45 - 05:00,0,0.03700000047683716,0.03700000047683716,0.14800000190734863
01.01.2023 05:00 - 05:15,0,0.03700000047683716,0.03700000047683716,0.14800000190734863
01.01.2023 05:15 - 05:30,0,0.03099999949336052,0.03099999949336052,0.12399999797344208
01.01.2023 05:30 - 05:45,0,0.01899999938905239,0.01899999938905239,0.07599999755620956
01.01.2023 05:45 - 06:00,0,0.03700000047683716,0.03700000047683716,0.14800000190734863
01.01.2023 06:00 - 06:15,0,0.028999999165534973,0.028999999165534973,0.11599999666213989
01.01.2023 06:15 - 06:30,0,0.03099999949336052,0.03099999949336052,0.12399999797344208
01.01.2023 06:30 - 06:45,0,0.017999999225139618,0.017999999225139618,0.07199999690055847
01.01.2023 06:45 - 07:00,0,0.017999999225139618,0.017999999225139618,0.07199999690055847
01.01.2023 07:00 - 07:15,0.023000000044703484,0,0.023000000044703484,0.09200000017881393
01.01.2023 07:15 - 07:30,0.052000001072883606,0,0.052000001072883606,0.20800000429153442
01.01.2023 07:30 - 07:45,0.0430000014603138,0,0.0430000014603138,0.1720000058412552
01.01.2023 07:45 - 08:00,0.02800000086426735,0,0.02800000086426735,0.1120000034570694
01.01.2023 08:00 - 08:15,0.017000000923871994,0,0.017000000923871994,0.06800000369548798
01.01.2023 08:15 - 08:30,0.028999999165534973,0,0.028999999165534973,0.11599999666213989
01.01.2023 08:30 - 08:45,0.03999999910593033,0,0.03999999910593033,0.1599999964237213
01.01.2023 08:45 - 09:00,0.024000000208616257,0,0.024000000208616257,0.09600000083446503
01.01.2023 09:00 - 09:15,0.01899999938905239,0,0.01899999938905239,0.07599999755620956
01.01.2023 09:15 - 09:30,0.026000000536441803,0,0.026000000536441803,0.10400000214576721
01.01.2023 09:30 - 09:45,0.03200000151991844,0,0.03200000151991844,0.12800000607967377
01.01.2023 09:45 - 10:00,0.020999999716877937,0,0.020999999716877937,0.08399999886751175
01.01.2023 10:00 - 10:15,0.03400000184774399,0,0.03400000184774399,0.13600000739097595
01.01.2023 10:15 - 10:30,0.03700000047683716,0,0.03700000047683716,0.14800000190734863
01.01.2023 10:30 - 10:45,0.041999999433755875,0,0.041999999433755875,0.1679999977350235
01.01.2023 10:45 - 11:00,0.02800000086426735,0,0.02800000086426735,0.1120000034570694
01.01.2023 11:00 - 11:15,0.019999999552965164,0,0.019999999552965164,0.07999999821186066
01.01.2023 11:15 - 11:30,0.032999999821186066,0,0.032999999821186066,0.13199999928474426
01.01.2023 11:30 - 11:45,0.04100000113248825,0,0.04100000113248825,0.164000004529953
01.01.2023 11:45 - 12:00,0.032999999821186066,0,0.032999999821186066,0.13199999928474426
01.01.2023 12:00 - 12:15,0.01899999938905239,0,0.01899999938905239,0.07599999755620956
01.01.2023 12:15 - 12:30,0.01899999938905239,0,0.01899999938905239,0.07599999755620956
01.01.2023 12:30 - 12:45,0.02199999988079071,0,0.02199999988079071,0.08799999952316284
01.01.2023 12:45 - 13:00,0.17000000178813934,0,0.17000000178813934,0.6800000071525574
01.01.2023 13:00 - 13:15,0.25600001215934753,0,0.25600001215934753,1.0240000486373901
01.01.2023 13:15 - 13:30,0.21699999272823334,0,0.21699999272823334,0.8679999709129333
01.01.2023 13:30 - 13:45,0.0430000014603138,0,0.0430000014603138,0.1720000058412552
01.01.2023 13:45 - 14:00,0.0949999988079071,0,0.0949999988079071,0.3799999952316284
01.01.2023 14:00 - 14:15,0.07900000363588333,0,0.07900000363588333,0.3160000145435333
01.01.2023 14:15 - 14:30,0.052000001072883606,0,0.052000001072883606,0.20800000429153442
01.01.2023 14:30 - 14:45,0.04800000041723251,0,0.04800000041723251,0.19200000166893005
01.01.2023 14:45 - 15:00,0.0560000017285347,0,0.0560000017285347,0.2240000069141388
01.01.2023 15:00 - 15:15,0.07800000160932541,0,0.07800000160932541,0.31200000643730164
01.01.2023 15:15 - 15:30,0.07199999690055847,0,0.07199999690055847,0.2879999876022339
01.01.2023 15:30 - 15:45,0.09099999815225601,0,0.09099999815225601,0.36399999260902405
01.01.2023 15:45 - 16:00,0.12399999797344208,0,0.12399999797344208,0.4959999918937683
01.01.2023 16:00 - 16:15,0.10700000077486038,0,0.10700000077486038,0.42800000309944153
01.01.2023 16:15 - 16:30,0.09600000083446503,0,0.09600000083446503,0.3840000033378601
01.01.2023 16:30 - 16:45,0.0560000017285347,0,0.0560000017285347,0.2240000069141388
01.01.2023 16:45 - 17:00,0.05400000140070915,0,0.05400000140070915,0.2160000056028366
01.01.2023 17:00 - 17:15,0.06300000101327896,0,0.06300000101327896,0.25200000405311584
01.01.2023 17:15 - 17:30,0.1679999977350235,0,0.1679999977350235,0.671999990940094
01.01.2023 17:30 - 17:45,0.10400000214576721,0,0.10400000214576721,0.41600000858306885
01.01.2023 17:45 - 18:00,0.09700000286102295,0,0.09700000286102295,0.3880000114440918
01.01.2023 18:00 - 18:15,0.43299999833106995,0,0.43299999833106995,1.7319999933242798
01.01.2023 18:15 - 18:30,0.41600000858306885,0,0.41600000858306885,1.6640000343322754
01.01.2023 18:30 - 18:45,0.13600000739097595,0,0.13600000739097595,0.5440000295639038
01.01.2023 18:45 - 19:00,0.07800000160932541,0,0.07800000160932541,0.31200000643730164
01.01.2023 19:00 - 19:15,0.08799999952316284,0,0.08799999952316284,0.35199999809265137
01.01.2023 19:15 - 19:30,0.4169999957084656,0,0.4169999957084656,1.6679999828338623
01.01.2023 19:30 - 19:45,0.1720000058412552,0,0.1720000058412552,0.6880000233650208
01.01.2023 19:45 - 20:00,0.07900000363588333,0,0.07900000363588333,0.3160000145435333
01.01.2023 20:00 - 20:15,0.06700000166893005,0,0.06700000166893005,0.2680000066757202
01.01.2023 20:15 - 20:30,0.06400000303983688,0,0.06400000303983688,0.25600001215934753
01.01.2023 20:30 - 20:45,0.08399999886751175,0,0.08399999886751175,0.335999995470047
01.01.2023 20:45 - 21:00,0.1459999978542328,0,0.1459999978542328,0.5839999914169312
01.01.2023 21:00 - 21:15,0.09399999678134918,0,0.09399999678134918,0.37599998712539673
01.01.2023 21:15 - 21:30,0.13600000739097595,0,0.13600000739097595,0.5440000295639038
01.01.2023 21:30 - 21:45,0.04600000008940697,0,0.04600000008940697,0.18400000035762787
01.01.2023 21:45 - 22:00,0.04600000008940697,0,0.04600000008940697,0.18400000035762787
01.01.2023 22:00 - 22:15,0,0.026000000536441803,0.026000000536441803,0.10400000214576721
01.01.2023 22:15 - 22:30,0,0.017000000923871994,0.017000000923871994,0.06800000369548798
01.01.2023 22:30 - 22:45,0,0.028999999165534973,0.028999999165534973,0.11599999666213989
01.01.2023 22:45 - 23:00,0,0.04800000041723251,0.04800000041723251,0.19200000166893005
01.01.2023 23:00 - 23:15,0,0.019999999552965164,0.019999999552965164,0.07999999821186066
01.01.2023 23:15 - 23:30,0,0.01899999938905239,0.01899999938905239,0.07599999755620956
01.01.2023 23:30 - 23:45,0,0.024000000208616257,0.024000000208616257,0.09600000083446503
01.01.2023 23:45 - 00:00,0,0.03200000151991844,0.03200000151991844,0.12800000607967377
02.01.2023 00:00 - 00:15,0,0.04100000113248825,0.04100000113248825,0.164000004529953
02.01.2023 00:15 - 00:30,0,0.035999998450279236,0.035999998450279236,0.14399999380111694
02.01.2023 00:30 - 00:45,0,0.020999999716877937,0.020999999716877937,0.08399999886751175
02.01.2023 00:45 - 01:00,0,0.029999999329447746,0.029999999329447746,0.11999999731779099
02.01.2023 01:00 - 01:15,0,0.028999999165534973,0.028999999165534973,0.11599999666213989
02.01.2023 01:15 - 01:30,0,0.03700000047683716,0.03700000047683716,0.14800000190734863
02.01.2023 01:30 - 01:45,0,0.017999999225139618,0.017999999225139618,0.07199999690055847
02.01.2023 01:45 - 02:00,0,0.027000000700354576,0.027000000700354576,0.1080000028014183
02.01.2023 02:00 - 02:15,0,0.029999999329447746,0.029999999329447746,0.11999999731779099
02.01.2023 02:15 - 02:30,0,0.017999999225139618,0.017999999225139618,0.07199999690055847
02.01.2023 02:30 - 02:45,0,0.03500000014901161,0.03500000014901161,0.14000000059604645
02.01.2023 02:45 - 03:00,0,0.06300000101327896,0.06300000101327896,0.25200000405311584
02.01.2023 03:00 - 03:15,0,0.2669999897480011,0.2669999897480011,1.0679999589920044
02.01.2023 03:15 - 03:30,0,0.04699999839067459,0.04699999839067459,0.18799999356269836
02.01.2023 03:30 - 03:45,0,0.03700000047683716,0.03700000047683716,0.14800000190734863
02.01.2023 03:45 - 04:00,0,0.028999999165534973,0.028999999165534973,0.11599999666213989
02.01.2023 04:00 - 04:15,0,0.028999999165534973,0.028999999165534973,0.11599999666213989
02.01.2023 04:15 - 04:30,0,0.03400000184774399,0.03400000184774399,0.13600000739097595
02.01.2023 04:30 - 04:45,0,0.020999999716877937,0.020999999716877937,0.08399999886751175
02.01.2023 04:45 - 05:00,0,0.023000000044703484,0.023000000044703484,0.09200000017881393
02.01.2023 05:00 - 05:15,0,0.04600000008940697,0.04600000008940697,0.18400000035762787
02.01.2023 05:15 - 05:30,0,0.05000000074505806,0.05000000074505806,0.20000000298023224
02.01.2023 05:30 - 05:45,0,0.02500000037252903,0.02500000037252903,0.10000000149011612
02.01.2023 05:45 - 06:00,0,0.01899999938905239,0.01899999938905239,0.07599999755620956
02.01.2023 06:00 - 06:15,0,0.01899999938905239,0.01899999938905239,0.07599999755620956
02.01.2023 06:15 - 06:30,0,0.04500000178813934,0.04500000178813934,0.18000000715255737
02.01.2023 06:30 - 06:45,0,0.027000000700354576,0.027000000700354576,0.1080000028014183
02.01.2023 06:45 - 07:00,0,0.017999999225139618,0.017999999225139618,0.07199999690055847
02.01.2023 07:00 - 07:15,0.01899999938905239,0,0.01899999938905239,0.07599999755620956
02.01.2023 07:15 - 07:30,0.024000000208616257,0,0.024000000208616257,0.09600000083446503
02.01.2023 07:30 - 07:45,0.04500000178813934,0,0.04500000178813934,0.18000000715255737
02.01.2023 07:45 - 08:00,0.0430000014603138,0,0.0430000014603138,0.1720000058412552
02.01.2023 08:00 - 08:15,0.029999999329447746,0,0.029999999329447746,0.11999999731779099
02.01.2023 08:15 - 08:30,0.017000000923871994,0,0.017000000923871994,0.06800000369548798
02.01.2023 08:30 - 08:45,0.029999999329447746,0,0.029999999329447746,0.11999999731779099
02.01.2023 08:45 - 09:00,0.03700000047683716,0,0.03700000047683716,0.14800000190734863
02.01.2023 09:00 - 09:15,0.027000000700354576,0,0.027000000700354576,0.1080000028014183
02.01.2023 09:15 - 09:30,0.017999999225139618,0,0.017999999225139618,0.07199999690055847
02.01.2023 09:30 - 09:45,0.026000000536441803,0,0.026000000536441803,0.10400000214576721
02.01.2023 09:45 - 10:00,0.03200000151991844,0,0.03200000151991844,0.12800000607967377
02.01.2023 10:00 - 10:15,0.017999999225139618,0,0.017999999225139618,0.07199999690055847
02.01.2023 10:15 - 10:30,0.03799999877810478,0,0.03799999877810478,0.15199999511241913
02.01.2023 10:30 - 10:45,0.03700000047683716,0,0.03700000047683716,0.14800000190734863
02.01.2023 10:45 - 11:00,0.03700000047683716,0,0.03700000047683716,0.14800000190734863
02.01.2023 11:00 - 11:15,0.027000000700354576,0,0.027000000700354576,0.1080000028014183
02.01.2023 11:15 - 11:30,0.03799999877810478,0,0.03799999877810478,0.15199999511241913
02.01.2023 11:30 - 11:45,0.05299999937415123,0,0.05299999937415123,0.21199999749660492
02.01.2023 11:45 - 12:00,0.5120000243186951,0,0.5120000243186951,2.0480000972747803
02.01.2023 12:00 - 12:15,0.1340000033378601,0,0.1340000033378601,0.5360000133514404
02.01.2023 12:15 - 12:30,0.032999999821186066,0,0.032999999821186066,0.13199999928474426
02.01.2023 12:30 - 12:45,0.03700000047683716,0,0.03700000047683716,0.14800000190734863
02.01.2023 12:45 - 13:00,0.05700000002980232,0,0.05700000002980232,0.2280000001192093
02.01.2023 13:00 - 13:15,0.06499999761581421,0,0.06499999761581421,0.25999999046325684
02.01.2023 13:15 - 13:30,0.04100000113248825,0,0.04100000113248825,0.164000004529953
02.01.2023 13:30 - 13:45,0.032999999821186066,0,0.032999999821186066,0.13199999928474426
02.01.2023 13:45 - 14:00,0.050999999046325684,0,0.050999999046325684,0.20399999618530273
02.01.2023 14:00 - 14:15,0.07599999755620956,0,0.07599999755620956,0.30399999022483826
02.01.2023 14:15 - 14:30,0.06300000101327896,0,0.06300000101327896,0.25200000405311584
02.01.2023 14:30 - 14:45,0.052000001072883606,0,0.052000001072883606,0.20800000429153442
02.01.2023 14:45 - 15:00,0.05000000074505806,0,0.05000000074505806,0.20000000298023224
02.01.2023 15:00 - 15:15,0.06499999761581421,0,0.06499999761581421,0.25999999046325684
02.01.2023 15:15 - 15:30,0.11900000274181366,0,0.11900000274181366,0.47600001096725464
02.01.2023 15:30 - 15:45,0.10300000011920929,0,0.10300000011920929,0.41200000047683716
02.01.2023 15:45 - 16:00,0.09399999678134918,0,0.09399999678134918,0.37599998712539673
02.01.2023 16:00 - 16:15,0.0860000029206276,0,0.0860000029206276,0.3440000116825104
02.01.2023 16:15 - 16:30,0.09700000286102295,0,0.09700000286102295,0.3880000114440918
02.01.2023 16:30 - 16:45,0.10000000149011612,0,0.10000000149011612,0.4000000059604645
02.01.2023 16:45 - 17:00,0.08799999952316284,0,0.08799999952316284,0.35199999809265137
02.01.2023 17:00 - 17:15,0.08799999952316284,0,0.08799999952316284,0.35199999809265137
02.01.2023 17:15 - 17:30,0.0820000022649765,0,0.0820000022649765,0.328000009059906
02.01.2023 17:30 - 17:45,0.10899999737739563,0,0.10899999737739563,0.4359999895095825
02.01.2023 17:45 - 18:00,0.10100000351667404,0,0.10100000351667404,0.40400001406669617
02.01.2023 18:00 - 18:15,0.0989999994635582,0,0.0989999994635582,0.3959999978542328
02.01.2023 18:15 - 18:30,0.12999999523162842,0,0.12999999523162842,0.5199999809265137
02.01.2023 18:30 - 18:45,0.13199999928474426,0,0.13199999928474426,0.527999997138977
02.01.2023 18:45 - 19:00,0.1379999965429306,0,0.1379999965429306,0.5519999861717224
02.01.2023 19:00 - 19:15,0.13300000131130219,0,0.13300000131130219,0.5320000052452087
02.01.2023 19:15 - 19:30,0.18799999356269836,0,0.18799999356269836,0.7519999742507935
02.01.2023 19:30 - 19:45,0.20499999821186066,0,0.20499999821186066,0.8199999928474426
02.01.2023 19:45 - 20:00,0.22699999809265137,0,0.22699999809265137,0.9079999923706055
02.01.2023 20:00 - 20:15,0.2540000081062317,0,0.2540000081062317,1.0160000324249268
02.01.2023 20:15 - 20:30,0.25999999046325684,0,0.25999999046325684,1.0399999618530273
02.01.2023 20:30 - 20:45,0.2540000081062317,0,0.2540000081062317,1.0160000324249268
02.01.2023 20:45 - 21:00,0.24799999594688416,0,0.24799999594688416,0.9919999837875366
02.01.2023 21:00 - 21:15,0.23899999260902405,0,0.23899999260902405,0.9559999704360962
02.01.2023 21:15 - 21:30,0.2409999966621399,0,0.2409999966621399,0.9639999866485596
02.01.2023 21:30 - 21:45,0.2199999988079071,0,0.2199999988079071,0.8799999952316284
02.01.2023 21:45 - 22:00,0.16699999570846558,0,0.16699999570846558,0.6679999828338623
02.01.2023 22:00 - 22:15,0,0.06599999964237213,0.06599999964237213,0.2639999985694885
02.01.2023 22:15 - 22:30,0,0.03700000047683716,0.03700000047683716,0.14800000190734863
02.01.2023 22:30 - 22:45,0,0.04800000041723251,0.04800000041723251,0.19200000166893005
02.01.2023 22:45 - 23:00,0,0.04500000178813934,0.04500000178813934,0.18000000715255737
02.01.2023 23:00 - 23:15,0,0.041999999433755875,0.041999999433755875,0.1679999977350235
02.01.2023 23:15 - 23:30,0,0.04699999839067459,0.04699999839067459,0.18799999356269836
02.01.2023 23:30 - 23:45,0,0.039000000804662704,0.039000000804662704,0.15600000321865082
02.01.2023 23:45 - 00:00,0,0.02800000086426735,0.02800000086426735,0.1120000034570694
03.01.2023 00:00 - 00:15,0,0.026000000536441803,0.026000000536441803,0.10400000214576721
03.01.2023 00:15 - 00:30,0,0.032999999821186066,0.032999999821186066,0.13199999928474426
03.01.2023 00:30 - 00:45,0,0.024000000208616257,0.024000000208616257,0.09600000083446503
03.01.2023 00:45 - 01:00,0,0.03400000184774399,0.03400000184774399,0.13600000739097595
03.01.2023 01:00 - 01:15,0,0.03999999910593033,0.03999999910593033,0.1599999964237213
03.01.2023 01:15 - 01:30,0,0.04500000178813934,0.04500000178813934,0.18000000715255737
03.01.2023 01:30 - 01:45,0,0.028999999165534973,0.028999999165534973,0.11599999666213989
03.01.2023 01:45 - 02:00,0,0.019999999552965164,0.019999999552965164,0.07999999821186066
03.01.2023 02:00 - 02:15,0,0.03700000047683716,0.03700000047683716,0.14800000190734863
03.01.2023 02:15 - 02:30,0,0.02500000037252903,0.02500000037252903,0.10000000149011612
03.01.2023 02:30 - 02:45,0,0.03200000151991844,0.03200000151991844,0.12800000607967377
03.01.2023 02:45 - 03:00,0,0.02199999988079071,0.02199999988079071,0.08799999952316284
03.01.2023 03:00 - 03:15,0,0.020999999716877937,0.020999999716877937,0.08399999886751175
03.01.2023 03:15 - 03:30,0,0.0430000014603138,0.0430000014603138,0.1720000058412552
03.01.2023 03:30 - 03:45,0,0.05299999937415123,0.05299999937415123,0.21199999749660492
03.01.2023 03:45 - 04:00,0,0.04100000113248825,0.04100000113248825,0.164000004529953
03.01.2023 04:00 - 04:15,0,0.017999999225139618,0.017999999225139618,0.07199999690055847
03.01.2023 04:15 - 04:30,0,0.017999999225139618,0.017999999225139618,0.07199999690055847
03.01.2023 04:30 - 04:45,0,0.04100000113248825,0.04100000113248825,0.164000004529953
03.01.2023 04:45 - 05:00,0,0.03400000184774399,0.03400000184774399,0.13600000739097595
03.01.2023 05:00 - 05:15,0,0.020999999716877937,0.020999999716877937,0.08399999886751175
03.01.2023 05:15 - 05:30,0,0.019999999552965164,0.019999999552965164,0.07999999821186066
03.01.2023 05:30 - 05:45,0,0.020999999716877937,0.020999999716877937,0.08399999886751175
03.01.2023 05:45 - 06:00,0,0.04100000113248825,0.04100000113248825,0.164000004529953
03.01.2023 06:00 - 06:15,0,0.04600000008940697,0.04600000008940697,0.18400000035762787
03.01.2023 06:15 - 06:30,0,0.04100000113248825,0.04100000113248825,0.164000004529953
03.01.2023 06:30 - 06:45,0,0.03799999877810478,0.03799999877810478,0.15199999511241913
03.01.2023 06:45 - 07:00,0,0.04600000008940697,0.04600000008940697,0.18400000035762787
03.01.2023 07:00 - 07:15,0.04699999839067459,0,0.04699999839067459,0.18799999356269836
03.01.2023 07:15 - 07:30,0.041999999433755875,0,0.041999999433755875,0.1679999977350235
03.01.2023 07:30 - 07:45,0.03200000151991844,0,0.03200000151991844,0.12800000607967377
03.01.2023 07:45 - 08:00,0.02199999988079071,0,0.02199999988079071,0.08799999952316284
03.01.2023 08:00 - 08:15,0.03200000151991844,0,0.03200000151991844,0.12800000607967377
03.01.2023 08:15 - 08:30,0.027000000700354576,0,0.027000000700354576,0.1080000028014183
03.01.2023 08:30 - 08:45,0.039000000804662704,0,0.039000000804662704,0.15600000321865082
03.01.2023 08:45 - 09:00,0.035999998450279236,0,0.035999998450279236,0.14399999380111694
03.01.2023 09:00 - 09:15,0.03200000151991844,0,0.03200000151991844,0.12800000607967377
03.01.2023 09:15 - 09:30,0.03099999949336052,0,0.03099999949336052,0.12399999797344208
03.01.2023 09:30 - 09:45,0.020999999716877937,0,0.020999999716877937,0.08399999886751175
03.01.2023 09:45 - 10:00,0.035999998450279236,0,0.035999998450279236,0.14399999380111694
03.01.2023 10:00 - 10:15,0.02199999988079071,0,0.02199999988079071,0.08799999952316284
03.01.2023 10:15 - 10:30,0.029999999329447746,0,0.029999999329447746,0.11999999731779099
03.01.2023 10:30 - 10:45,0.023000000044703484,0,0.023000000044703484,0.09200000017881393
03.01.2023 10:45 - 11:00,0.017999999225139618,0,0.017999999225139618,0.07199999690055847
03.01.2023 11:00 - 11:15,0.032999999821186066,0,0.032999999821186066,0.13199999928474426
03.01.2023 11:15 - 11:30,0.04899999871850014,0,0.04899999871850014,0.19599999487400055
03.01.2023 11:30 - 11:45,0.22499999403953552,0,0.22499999403953552,0.8999999761581421
03.01.2023 11:45 - 12:00,0.49900001287460327,0,0.49900001287460327,1.996000051498413
03.01.2023 12:00 - 12:15,0.11599999666213989,0,0.11599999666213989,0.46399998664855957
03.01.2023 12:15 - 12:30,0.125,0,0.125,0.5
03.01.2023 12:30 - 12:45,0.11900000274181366,0,0.11900000274181366,0.47600001096725464
03.01.2023 12:45 - 13:00,0.12399999797344208,0,0.12399999797344208,0.4959999918937683
03.01.2023 13:00 - 13:15,0.13899999856948853,0,0.13899999856948853,0.5559999942779541
03.01.2023 13:15 - 13:30,0.15600000321865082,0,0.15600000321865082,0.6240000128746033
03.01.2023 13:30 - 13:45,0.1720000058412552,0,0.1720000058412552,0.6880000233650208
03.01.2023 13:45 - 14:00,0.16200000047683716,0,0.16200000047683716,0.6480000019073486
03.01.2023 14:00 - 14:15,0.1420000046491623,0,0.1420000046491623,0.5680000185966492
03.01.2023 14:15 - 14:30,0.1420000046491623,0,0.1420000046491623,0.5680000185966492
03.01.2023 14:30 - 14:45,0.16300000250339508,0,0.16300000250339508,0.6520000100135803
03.01.2023 14:45 - 15:00,0.20200000703334808,0,0.20200000703334808,0.8080000281333923
03.01.2023 15:00 - 15:15,0.21699999272823334,0,0.21699999272823334,0.8679999709129333
03.01.2023 15:15 - 15:30,0.13099999725818634,0,0.13099999725818634,0.5239999890327454
03.01.2023 15:30 - 15:45,0.05900000035762787,0,0.05900000035762787,0.23600000143051147
03.01.2023 15:45 - 16:00,0.06700000166893005,0,0.06700000166893005,0.2680000066757202
03.01.2023 16:00 - 16:15,0.061000000685453415,0,0.061000000685453415,0.24400000274181366
03.01.2023 16:15 - 16:30,0.03500000014901161,0,0.03500000014901161,0.14000000059604645
03.01.2023 16:30 - 16:45,0.032999999821186066,0,0.032999999821186066,0.13199999928474426
03.01.2023 16:45 - 17:00,0.04899999871850014,0,0.04899999871850014,0.19599999487400055
03.01.2023 17:00 - 17:15,0.0560000017285347,0,0.0560000017285347,0.2240000069141388
03.01.2023 17:15 - 17:30,0.03500000014901161,0,0.03500000014901161,0.14000000059604645
03.01.2023 17:30 - 17:45,0.032999999821186066,0,0.032999999821186066,0.13199999928474426
03.01.2023 17:45 - 18:00,0.03500000014901161,0,0.03500000014901161,0.14000000059604645
03.01.2023 18:00 - 18:15,0.04600000008940697,0,0.04600000008940697,0.18400000035762787
03.01.2023 18:15 - 18:30,0.05700000002980232,0,0.05700000002980232,0.2280000001192093
03.01.2023 18:30 - 18:45,0.3100000023841858,0,0.3100000023841858,1.2400000095367432
03.01.2023 18:45 - 19:00,0.48899999260902405,0,0.48899999260902405,1.9559999704360962
03.01.2023 19:00 - 19:15,0.3499999940395355,0,0.3499999940395355,1.399999976158142
03.01.2023 19:15 - 19:30,0.3319999873638153,0,0.3319999873638153,1.3279999494552612
03.01.2023 19:30 - 19:45,0.4399999976158142,0,0.4399999976158142,1.7599999904632568
03.01.2023 19:45 - 20:00,0.15600000321865082,0,0.15600000321865082,0.6240000128746033
03.01.2023 20:00 - 20:15,0.1599999964237213,0,0.1599999964237213,0.6399999856948853
03.01.2023 20:15 - 20:30,0.3070000112056732,0,0.3070000112056732,1.2280000448226929
03.01.2023 20:30 - 20:45,0.17599999904632568,0,0.17599999904632568,0.7039999961853027
03.01.2023 20:45 - 21:00,0.07699999958276749,0,0.07699999958276749,0.30799999833106995
03.01.2023 21:00 - 21:15,0.08100000023841858,0,0.08100000023841858,0.3240000009536743
03.01.2023 21:15 - 21:30,0.0820000022649765,0,0.0820000022649765,0.328000009059906
03.01.2023 21:30 - 21:45,0.07000000029802322,0,0.07000000029802322,0.2800000011920929
03.01.2023 21:45 - 22:00,0.07599999755620956,0,0.07599999755620956,0.30399999022483826
03.01.2023 22:00 - 22:15,0,0.06800000369548798,0.06800000369548798,0.2720000147819519
03.01.2023 22:15 - 22:30,0,0.06400000303983688,0.06400000303983688,0.25600001215934753
03.01.2023 22:30 - 22:45,0,0.035999998450279236,0.035999998450279236,0.14399999380111694
03.01.2023 22:45 - 23:00,0,0.019999999552965164,0.019999999552965164,0.07999999821186066
03.01.2023 23:00 - 23:15,0,0.029999999329447746,0.029999999329447746,0.11999999731779099
03.01.2023 23:15 - 23:30,0,0.05299999937415123,0.05299999937415123,0.21199999749660492
03.01.2023 23:30 - 23:45,0,0.03099999949336052,0.03099999949336052,0.12399999797344208
03.01.2023 23:45 - 00:00,0,0.02199999988079071,0.02199999988079071,0.08799999952316284
04.01.2023 00:00 - 00:15,0,0.01600000075995922,0.01600000075995922,0.06400000303983688
04.01.2023 00:15 - 00:30,0,0.026000000536441803,0.026000000536441803,0.10400000214576721
04.01.2023 00:30 - 00:45,0,0.039000000804662704,0.039000000804662704,0.15600000321865082
04.01.2023 00:45 - 01:00,0,0.04100000113248825,0.04100000113248825,0.164000004529953
04.01.2023 01:00 - 01:15,0,0.02500000037252903,0.02500000037252903,0.10000000149011612
04.01.2023 01:15 - 01:30,0,0.024000000208616257,0.024000000208616257,0.09600000083446503
04.01.2023 01:30 - 01:45,0,0.03099999949336052,0.03099999949336052,0.12399999797344208
04.01.2023 01:45 - 02:00,0,0.020999999716877937,0.020999999716877937,0.08399999886751175
04.01.2023 02:00 - 02:15,0,0.017999999225139618,0.017999999225139618,0.07199999690055847
04.01.2023 02:15 - 02:30,0,0.03799999877810478,0.03799999877810478,0.15199999511241913
04.01.2023 02:30 - 02:45,0,0.04100000113248825,0.04100000113248825,0.164000004529953
04.01.2023 02:45 - 03:00,0,0.024000000208616257,0.024000000208616257,0.09600000083446503
04.01.2023 03:00 - 03:15,0,0.01600000075995922,0.01600000075995922,0.06400000303983688
04.01.2023 03:15 - 03:30,0,0.017000000923871994,0.017000000923871994,0.06800000369548798
04.01.2023 03:30 - 03:45,0,0.02500000037252903,0.02500000037252903,0.10000000149011612
04.01.2023 03:45 - 04:00,0,0.04600000008940697,0.04600000008940697,0.18400000035762787
04.01.2023 04:00 - 04:15,0,0.01600000075995922,0.01600000075995922,0.06400000303983688
04.01.2023 04:15 - 04:30,0,0.01600000075995922,0.01600000075995922,0.06400000303983688
04.01.2023 04:30 - 04:45,0,0.019999999552965164,0.019999999552965164,0.07999999821186066
04.01.2023 04:45 - 05:00,0,0.028999999165534973,0.028999999165534973,0.11599999666213989
04.01.2023 05:00 - 05:15,0,0.019999999552965164,0.019999999552965164,0.07999999821186066
04.01.2023 05:15 - 05:30,0,0.023000000044703484,0.023000000044703484,0.09200000017881393
04.01.2023 05:30 - 05:45,0,0.04100000113248825,0.04100000113248825,0.164000004529953
04.01.2023 05:45 - 06:00,0,0.04899999871850014,0.04899999871850014,0.19599999487400055
04.01.2023 06:00 - 06:15,0,0.02800000086426735,0.02800000086426735,0.1120000034570694
04.01.2023 06:15 - 06:30,0,0.04500000178813934,0.04500000178813934,0.18000000715255737
04.01.2023 06:30 - 06:45,0,0.14300000667572021,0.14300000667572021,0.5720000267028809
04.01.2023 06:45 - 07:00,0,0.07100000232458115,0.07100000232458115,0.2840000092983246
04.01.2023 07:00 - 07:15,0.04899999871850014,0,0.04899999871850014,0.19599999487400055
04.01.2023 07:15 - 07:30,0.01600000075995922,0,0.01600000075995922,0.06400000303983688
04.01.2023 07:30 - 07:45,0.01600000075995922,0,0.01600000075995922,0.06400000303983688
04.01.2023 07:45 - 08:00,0.019999999552965164,0,0.019999999552965164,0.07999999821186066
04.01.2023 08:00 - 08:15,0.028999999165534973,0,0.028999999165534973,0.11599999666213989
04.01.2023 08:15 - 08:30,0.02800000086426735,0,0.02800000086426735,0.1120000034570694
04.01.2023 08:30 - 08:45,0.03700000047683716,0,0.03700000047683716,0.14800000190734863
04.01.2023 08:45 - 09:00,0.032999999821186066,0,0.032999999821186066,0.13199999928474426
04.01.2023 09:00 - 09:15,0.029999999329447746,0,0.029999999329447746,0.11999999731779099
04.01.2023 09:15 - 09:30,0.02500000037252903,0,0.02500000037252903,0.10000000149011612
04.01.2023 09:30 - 09:45,0.01600000075995922,0,0.01600000075995922,0.06400000303983688
04.01.2023 09:45 - 10:00,0.029999999329447746,0,0.029999999329447746,0.11999999731779099
04.01.2023 10:00 - 10:15,0.026000000536441803,0,0.026000000536441803,0.10400000214576721
04.01.2023 10:15 - 10:30,0.028999999165534973,0,0.028999999165534973,0.11599999666213989
04.01.2023 10:30 - 10:45,0.017000000923871994,0,0.017000000923871994,0.06800000369548798
04.01.2023 10:45 - 11:00,0.01600000075995922,0,0.01600000075995922,0.06400000303983688
04.01.2023 11:00 - 11:15,0.01899999938905239,0,0.01899999938905239,0.07599999755620956
04.01.2023 11:15 - 11:30,0.05000000074505806,0,0.05000000074505806,0.20000000298023224
04.01.2023 11:30 - 11:45,0.5429999828338623,0,0.5429999828338623,2.171999931335449
04.01.2023 11:45 - 12:00,0.6420000195503235,0,0.6420000195503235,2.568000078201294
04.01.2023 12:00 - 12:15,0.5590000152587891,0,0.5590000152587891,2.2360000610351562
04.01.2023 12:15 - 12:30,0.16599999368190765,0,0.16599999368190765,0.6639999747276306
04.01.2023 12:30 - 12:45,0.15199999511241913,0,0.15199999511241913,0.6079999804496765
04.01.2023 12:45 - 13:00,0.10000000149011612,0,0.10000000149011612,0.4000000059604645
04.01.2023 13:00 - 13:15,0.32199999690055847,0,0.32199999690055847,1.2879999876022339
04.01.2023 13:15 - 13:30,0.37400001287460327,0,0.37400001287460327,1.496000051498413
04.01.2023 13:30 - 13:45,0.296999990940094,0,0.296999990940094,1.187999963760376
04.01.2023 13:45 - 14:00,0.24799999594688416,0,0.24799999594688416,0.9919999837875366
04.01.2023 14:00 - 14:15,0.14000000059604645,0,0.14000000059604645,0.5600000023841858
04.01.2023 14:15 - 14:30,0.13500000536441803,0,0.13500000536441803,0.5400000214576721
04.01.2023 14:30 - 14:45,0.11999999731779099,0,0.11999999731779099,0.47999998927116394
04.01.2023 14:45 - 15:00,0.12200000137090683,0,0.12200000137090683,0.4880000054836273
04.01.2023 15:00 - 15:15,0.0989999994635582,0,0.0989999994635582,0.3959999978542328
04.01.2023 15:15 - 15:30,0.0989999994635582,0,0.0989999994635582,0.3959999978542328
04.01.2023 15:30 - 15:45,0.11100000143051147,0,0.11100000143051147,0.4440000057220459
04.01.2023 15:45 - 16:00,0.1080000028014183,0,0.1080000028014183,0.4320000112056732
04.01.2023 16:00 - 16:15,0.11699999868869781,0,0.11699999868869781,0.46799999475479126
04.01.2023 16:15 - 16:30,0.11800000071525574,0,0.11800000071525574,0.47200000286102295
04.01.2023 16:30 - 16:45,0.1679999977350235,0,0.1679999977350235,0.671999990940094
04.01.2023 16:45 - 17:00,0.25099998712539673,0,0.25099998712539673,1.003999948501587
04.01.2023 17:00 - 17:15,0.2409999966621399,0,0.2409999966621399,0.9639999866485596
04.01.2023 17:15 - 17:30,0.2639999985694885,0,0.2639999985694885,1.055999994277954
04.01.2023 17:30 - 17:45,0.2529999911785126,0,0.2529999911785126,1.0119999647140503
04.01.2023 17:45 - 18:00,0.27900001406669617,0,0.27900001406669617,1.1160000562667847
04.01.2023 18:00 - 18:15,0.621999979019165,0,0.621999979019165,2.48799991607666
04.01.2023 18:15 - 18:30,0.25099998712539673,0,0.25099998712539673,1.003999948501587
04.01.2023 18:30 - 18:45,0.16699999570846558,0,0.16699999570846558,0.6679999828338623
04.01.2023 18:45 - 19:00,0.17100000381469727,0,0.17100000381469727,0.6840000152587891
04.01.2023 19:00 - 19:15,0.19900000095367432,0,0.19900000095367432,0.7960000038146973
04.01.2023 19:15 - 19:30,0.17900000512599945,0,0.17900000512599945,0.7160000205039978
04.01.2023 19:30 - 19:45,0.17299999296665192,0,0.17299999296665192,0.6919999718666077
04.01.2023 19:45 - 20:00,0.18400000035762787,0,0.18400000035762787,0.7360000014305115
04.01.2023 20:00 - 20:15,0.47600001096725464,0,0.47600001096725464,1.9040000438690186
04.01.2023 20:15 - 20:30,0.3160000145435333,0,0.3160000145435333,1.2640000581741333
04.01.2023 20:30 - 20:45,0.16300000250339508,0,0.16300000250339508,0.6520000100135803
04.01.2023 20:45 - 21:00,0.15299999713897705,0,0.15299999713897705,0.6119999885559082
04.01.2023 21:00 - 21:15,0.3149999976158142,0,0.3149999976158142,1.2599999904632568
04.01.2023 21:15 - 21:30,0.15600000321865082,0,0.15600000321865082,0.6240000128746033
04.01.2023 21:30 - 21:45,0.13300000131130219,0,0.13300000131130219,0.5320000052452087
04.01.2023 21:45 - 22:00,0.13500000536441803,0,0.13500000536441803,0.5400000214576721
04.01.2023 22:00 - 22:15,0,0.1420000046491623,0.1420000046491623,0.5680000185966492
04.01.2023 22:15 - 22:30,0,0.11699999868869781,0.11699999868869781,0.46799999475479126
04.01.2023 22:30 - 22:45,0,0.07599999755620956,0.07599999755620956,0.30399999022483826
04.01.2023 22:45 - 23:00,0,0.07000000029802322,0.07000000029802322,0.2800000011920929
04.01.2023 23:00 - 23:15,0,0.06499999761581421,0.06499999761581421,0.25999999046325684
04.01.2023 23:15 - 23:30,0,0.06199999898672104,0.06199999898672104,0.24799999594688416
04.01.2023 23:30 - 23:45,0,0.05000000074505806,0.05000000074505806,0.20000000298023224
04.01.2023 23:45 - 00:00,0,0.06199999898672104,0.06199999898672104,0.24799999594688416
